{
  "timestamp": "2025-08-30T11:20:27.976546",
  "budget_limit": 20.0,
  "spending_data": {
    "current_spend": 8.4792472621,
    "budget_limit": 20.0,
    "percentage_used": 42.396236310499994,
    "daily_rate": 0.2826415754033333,
    "projected_monthly": 8.761888837503331,
    "projected_percentage": 43.809444187516654,
    "days_elapsed": 30,
    "days_in_month": 31,
    "alert_level": "green",
    "remaining_budget": 11.5207527379
  },
  "service_breakdown": [
    {
      "service": "EC2 - Other",
      "cost": 7.1892472621
    },
    {
      "service": "Tax",
      "cost": 1.29
    }
  ],
  "alert_level": "green"
}